Año;Vuelta;Distrito electoral;Organización Política;%_votos_validos;Color
1980;Primera;AMAZONAS;ACCIÓN POPULAR;44.34%;#000000
1980;Primera;ANCASH;ACCIÓN POPULAR;39.19%;#000000
1980;Primera;APURIMAC;ACCIÓN POPULAR;64.22%;#000000
1980;Primera;AREQUIPA;ACCIÓN POPULAR;59.50%;#000000
1980;Primera;AYACUCHO;ACCIÓN POPULAR;56.83%;#000000
1980;Primera;CAJAMARCA;APRA;53.04%;#f80000
1980;Primera;CUSCO;ACCIÓN POPULAR;66.85%;#000000
1980;Primera;HUANCAVELICA;ACCIÓN POPULAR;52.98%;#000000
1980;Primera;HUANUCO;ACCIÓN POPULAR;50.47%;#000000
1980;Primera;ICA;ACCIÓN POPULAR;49.76%;#000000
1980;Primera;JUNIN;ACCIÓN POPULAR;57.65%;#000000
1980;Primera;LA LIBERTAD;APRA;67.88%;#f80000
1980;Primera;LAMBAYEQUE;APRA;45.19%;#f80000
1980;Primera;LIMA;ACCIÓN POPULAR;47.20%;#000000
1980;Primera;LORETO;ACCIÓN POPULAR;63.65%;#000000
1980;Primera;MADRE DE DIOS;ACCIÓN POPULAR;60.39%;#000000
1980;Primera;MOQUEGUA;ACCIÓN POPULAR;43.77%;#000000
1980;Primera;PASCO;ACCIÓN POPULAR;59.55%;#000000
1980;Primera;PIURA;ACCIÓN POPULAR;37.81%;#000000
1980;Primera;PUNO;FRENTE NACIONAL DE TRABAJADORES Y CAMPESINOS;28.59%;#fbc02d
1980;Primera;SAN MARTIN;ACCIÓN POPULAR;50.74%;#000000
1980;Primera;TACNA;ACCIÓN POPULAR;47.96%;#000000
1980;Primera;TUMBES;ACCIÓN POPULAR;52.41%;#000000
1980;Primera;CALLAO;ACCIÓN POPULAR;38.83%;#000000
1980;Primera;EXTRANJERO;ACCIÓN POPULAR;40.63%;#000000
1985;Primera;AMAZONAS;APRA;56.34%;#f80000
1985;Primera;ANCASH;APRA;63.98%;#f80000
1985;Primera;APURIMAC;APRA;50.20%;#f80000
1985;Primera;AREQUIPA;IZQUIERDA UNIDA;38.49%;#7a0101
1985;Primera;AYACUCHO;APRA;49.56%;#f80000
1985;Primera;CAJAMARCA;APRA;61.80%;#f80000
1985;Primera;CUSCO;APRA;44.07%;#f80000
1985;Primera;HUANCAVELICA;IZQUIERDA UNIDA;43.14%;#7a0101
1985;Primera;HUANUCO;APRA;60.06%;#f80000
1985;Primera;ICA;APRA;55.65%;#f80000
1985;Primera;JUNIN;APRA;43.41%;#f80000
1985;Primera;LA LIBERTAD;APRA;77.77%;#f80000
1985;Primera;LAMBAYEQUE;APRA;64.30%;#f80000
1985;Primera;LIMA;APRA;51.22%;#f80000
1985;Primera;LORETO;APRA;48.09%;#f80000
1985;Primera;MADRE DE DIOS;APRA;45.83%;#f80000
1985;Primera;MOQUEGUA;APRA;46.40%;#f80000
1985;Primera;PASCO;APRA;52.80%;#f80000
1985;Primera;PIURA;APRA;55.87%;#f80000
1985;Primera;PUNO;APRA;40.53%;#f80000
1985;Primera;SAN MARTIN;APRA;56.28%;#f80000
1985;Primera;TACNA;IZQUIERDA UNIDA;32.99%;#7a0101
1985;Primera;TUMBES;APRA;49.80%;#f80000
1985;Primera;CALLAO;APRA;60.89%;#f80000
1985;Primera;UCAYALI;APRA;64.44%;#f80000
1985;Primera;EXTRANJERO;APRA;52.58%;#f80000
1990;Primera;AMAZONAS;APRA;42.32%;#f80000
1990;Primera;ANCASH;APRA;36.11%;#f80000
1990;Primera;APURIMAC;IZQUIERDA UNIDA;32.37%;#7a0101
1990;Primera;AREQUIPA;FREDEMO;35.96%;#0047ab
1990;Primera;AYACUCHO;CAMBIO 90;31.49%;#ff8c00
1990;Primera;CAJAMARCA;APRA;45.47%;#f80000
1990;Primera;CUSCO;CAMBIO 90;37.64%;#ff8c00
1990;Primera;HUANCAVELICA;CAMBIO 90;37.44%;#ff8c00
1990;Primera;HUANUCO;FREDEMO;33.92%;#0047ab
1990;Primera;ICA;FREDEMO;30.64%;#0047ab
1990;Primera;JUNIN;CAMBIO 90;52.48%;#ff8c00
1990;Primera;LA LIBERTAD;APRA;60.79%;#f80000
1990;Primera;LAMBAYEQUE;APRA;43.66%;#f80000
1990;Primera;LIMA;FREDEMO;38.68%;#0047ab
1990;Primera;LORETO;FREDEMO;53.20%;#0047ab
1990;Primera;MADRE DE DIOS;FREDEMO;28.79%;#0047ab
1990;Primera;MOQUEGUA;APRA;32.28%;#f80000
1990;Primera;PASCO;CAMBIO 90;46.36%;#ff8c00
1990;Primera;PIURA;APRA;31.35%;#f80000
1990;Primera;PUNO;CAMBIO 90;39.82%;#ff8c00
1990;Primera;SAN MARTIN;FREDEMO;43.13%;#0047ab
1990;Primera;TACNA;CAMBIO 90;51.32%;#ff8c00
1990;Primera;TUMBES;FREDEMO;40.46%;#0047ab
1990;Primera;CALLAO;CAMBIO 90;40.84%;#ff8c00
1990;Primera;UCAYALI;FREDEMO;44.11%;#0047ab
1990;Primera;EXTRANJERO;FREDEMO;64.66%;#0047ab
1990;Segunda;AMAZONAS;CAMBIO 90;62.34%;#ff8c00
1990;Segunda;ANCASH;CAMBIO 90;76.92%;#ff8c00
1990;Segunda;APURIMAC;CAMBIO 90;81.54%;#ff8c00
1990;Segunda;AREQUIPA;CAMBIO 90;56.09%;#ff8c00
1990;Segunda;AYACUCHO;CAMBIO 90;82.07%;#ff8c00
1990;Segunda;CAJAMARCA;CAMBIO 90;67.78%;#ff8c00
1990;Segunda;CUSCO;CAMBIO 90;78.48%;#ff8c00
1990;Segunda;HUANCAVELICA;CAMBIO 90;84.05%;#ff8c00
1990;Segunda;HUANUCO;CAMBIO 90;64.07%;#ff8c00
1990;Segunda;ICA;CAMBIO 90;64.41%;#ff8c00
1990;Segunda;JUNIN;CAMBIO 90;67.36%;#ff8c00
1990;Segunda;LA LIBERTAD;CAMBIO 90;75.12%;#ff8c00
1990;Segunda;LAMBAYEQUE;CAMBIO 90;64.78%;#ff8c00
1990;Segunda;LIMA;CAMBIO 90;54.40%;#ff8c00
1990;Segunda;LORETO;FREDEMO;55.96%;#0047ab
1990;Segunda;MADRE DE DIOS;CAMBIO 90;70.96%;#ff8c00
1990;Segunda;MOQUEGUA;CAMBIO 90;75.46%;#ff8c00
1990;Segunda;PASCO;CAMBIO 90;67.38%;#ff8c00
1990;Segunda;PIURA;CAMBIO 90;63.53%;#ff8c00
1990;Segunda;PUNO;CAMBIO 90;86.68%;#ff8c00
1990;Segunda;SAN MARTIN;CAMBIO 90;58.52%;#ff8c00
1990;Segunda;TACNA;CAMBIO 90;70.97%;#ff8c00
1990;Segunda;TUMBES;CAMBIO 90;58.25%;#ff8c00
1990;Segunda;CALLAO;CAMBIO 90;58.34%;#ff8c00
1990;Segunda;UCAYALI;CAMBIO 90;53.72%;#ff8c00
1990;Segunda;EXTRANJERO;FREDEMO;56.54%;#0047ab
1995;Primera;AMAZONAS;CAMBIO 90;65.26%;#ff8c00
1995;Primera;ANCASH;CAMBIO 90;61.12%;#ff8c00
1995;Primera;APURIMAC;CAMBIO 90;68.96%;#ff8c00
1995;Primera;AREQUIPA;CAMBIO 90;61.35%;#ff8c00
1995;Primera;AYACUCHO;CAMBIO 90;73.57%;#ff8c00
1995;Primera;CAJAMARCA;CAMBIO 90;74.75%;#ff8c00
1995;Primera;CUSCO;CAMBIO 90;61.60%;#ff8c00
1995;Primera;HUANCAVELICA;CAMBIO 90;72.50%;#ff8c00
1995;Primera;HUANUCO;CAMBIO 90;73.09%;#ff8c00
1995;Primera;ICA;CAMBIO 90;62.46%;#ff8c00
1995;Primera;JUNIN;CAMBIO 90;77.09%;#ff8c00
1995;Primera;LA LIBERTAD;CAMBIO 90;57.21%;#ff8c00
1995;Primera;LAMBAYEQUE;CAMBIO 90;62.27%;#ff8c00
1995;Primera;LIMA;CAMBIO 90;63.94%;#ff8c00
1995;Primera;LORETO;CAMBIO 90;53.95%;#ff8c00
1995;Primera;MADRE DE DIOS;CAMBIO 90;62.24%;#ff8c00
1995;Primera;MOQUEGUA;CAMBIO 90;62.31%;#ff8c00
1995;Primera;PASCO;CAMBIO 90;66.11%;#ff8c00
1995;Primera;PIURA;CAMBIO 90;64.87%;#ff8c00
1995;Primera;PUNO;CAMBIO 90;63.83%;#ff8c00
1995;Primera;SAN MARTIN;CAMBIO 90;63.36%;#ff8c00
1995;Primera;TACNA;CAMBIO 90;67.46%;#ff8c00
1995;Primera;TUMBES;CAMBIO 90;66.88%;#ff8c00
1995;Primera;CALLAO;CAMBIO 90;57.39%;#ff8c00
1995;Primera;UCAYALI;CAMBIO 90;76.57%;#ff8c00
1995;Primera;EXTRANJERO;CAMBIO 90;79.42%;#ff8c00
2000;Primera;AMAZONAS;PERÚ 2000;57.40%;#ff8c00
2000;Primera;ANCASH;PERÚ POSIBLE;51.33%;#006600
2000;Primera;APURIMAC;PERÚ 2000;59.06%;#ff8c00
2000;Primera;AREQUIPA;PERÚ POSIBLE;47.11%;#006600
2000;Primera;AYACUCHO;PERÚ 2000;52.86%;#ff8c00
2000;Primera;CAJAMARCA;PERÚ 2000;61.67%;#ff8c00
2000;Primera;CUSCO;PERÚ POSIBLE;49.38%;#006600
2000;Primera;HUANCAVELICA;PERÚ 2000;45.75%;#ff8c00
2000;Primera;HUANUCO;PERÚ 2000;52.67%;#ff8c00
2000;Primera;ICA;PERÚ 2000;47.51%;#ff8c00
2000;Primera;JUNIN;PERÚ 2000;57.72%;#ff8c00
2000;Primera;LA LIBERTAD;PERÚ 2000;46.63%;#ff8c00
2000;Primera;LAMBAYEQUE;PERÚ 2000;47.86%;#ff8c00
2000;Primera;LIMA;PERÚ 2000;50.87%;#ff8c00
2000;Primera;LORETO;PERÚ POSIBLE;49.68%;#006600
2000;Primera;MADRE DE DIOS;PERÚ POSIBLE;46.10%;#006600
2000;Primera;MOQUEGUA;PERÚ POSIBLE;51.37%;#006600
2000;Primera;PASCO;PERÚ 2000;53.98%;#ff8c00
2000;Primera;PIURA;PERÚ 2000;55.25%;#ff8c00
2000;Primera;PUNO;PERÚ POSIBLE;48.24%;#006600
2000;Primera;SAN MARTIN;PERÚ 2000;61.65%;#ff8c00
2000;Primera;TACNA;PERÚ POSIBLE;50.63%;#006600
2000;Primera;TUMBES;PERÚ 2000;63.17%;#ff8c00
2000;Primera;CALLAO;PERÚ 2000;47.78%;#ff8c00
2000;Primera;UCAYALI;PERÚ 2000;54.97%;#ff8c00
2000;Primera;EXTRANJERO;PERÚ 2000;51.20%;#ff8c00
2000;Segunda;AMAZONAS;PERÚ 2000;77.42%;#ff8c00
2000;Segunda;ANCASH;PERÚ 2000;67.65%;#ff8c00
2000;Segunda;APURIMAC;PERÚ 2000;75.09%;#ff8c00
2000;Segunda;AREQUIPA;PERÚ 2000;74.01%;#ff8c00
2000;Segunda;AYACUCHO;PERÚ 2000;71.96%;#ff8c00
2000;Segunda;CAJAMARCA;PERÚ 2000;81.05%;#ff8c00
2000;Segunda;CUSCO;PERÚ 2000;63.39%;#ff8c00
2000;Segunda;HUANCAVELICA;PERÚ 2000;71.86%;#ff8c00
2000;Segunda;HUANUCO;PERÚ 2000;70.40%;#ff8c00
2000;Segunda;ICA;PERÚ 2000;72.00%;#ff8c00
2000;Segunda;JUNIN;PERÚ 2000;77.29%;#ff8c00
2000;Segunda;LA LIBERTAD;PERÚ 2000;70.39%;#ff8c00
2000;Segunda;LAMBAYEQUE;PERÚ 2000;75.30%;#ff8c00
2000;Segunda;LIMA;PERÚ 2000;78.31%;#ff8c00
2000;Segunda;LORETO;PERÚ 2000;59.84%;#ff8c00
2000;Segunda;MADRE DE DIOS;PERÚ 2000;64.04%;#ff8c00
2000;Segunda;MOQUEGUA;PERÚ 2000;71.15%;#ff8c00
2000;Segunda;PASCO;PERÚ 2000;71.71%;#ff8c00
2000;Segunda;PIURA;PERÚ 2000;79.00%;#ff8c00
2000;Segunda;PUNO;PERÚ 2000;57.46%;#ff8c00
2000;Segunda;SAN MARTIN;PERÚ 2000;81.86%;#ff8c00
2000;Segunda;TACNA;PERÚ 2000;67.82%;#ff8c00
2000;Segunda;TUMBES;PERÚ 2000;84.20%;#ff8c00
2000;Segunda;CALLAO;PERÚ 2000;75.16%;#ff8c00
2000;Segunda;UCAYALI;PERÚ 2000;70.95%;#ff8c00
2000;Segunda;EXTRANJERO;PERÚ 2000;67.33%;#ff8c00
2001;Primera;AMAZONAS;PERÚ POSIBLE;40.37%;#006600
2001;Primera;ANCASH;PERÚ POSIBLE;49.39%;#006600
2001;Primera;APURIMAC;PERÚ POSIBLE;43.59%;#006600
2001;Primera;AREQUIPA;PERÚ POSIBLE;45.55%;#006600
2001;Primera;AYACUCHO;PERÚ POSIBLE;41.84%;#006600
2001;Primera;CAJAMARCA;PERÚ POSIBLE;34.61%;#006600
2001;Primera;CUSCO;PERÚ POSIBLE;56.41%;#006600
2001;Primera;HUANCAVELICA;PERÚ POSIBLE;39.63%;#006600
2001;Primera;HUANUCO;PERÚ POSIBLE;42.04%;#006600
2001;Primera;ICA;APRA;37.52%;#f80000
2001;Primera;JUNIN;PERÚ POSIBLE;31.34%;#006600
2001;Primera;LA LIBERTAD;APRA;55.93%;#f80000
2001;Primera;LAMBAYEQUE;PERÚ POSIBLE;35.48%;#006600
2001;Primera;LIMA;PERÚ POSIBLE;32.71%;#006600
2001;Primera;LORETO;PERÚ POSIBLE;62.01%;#006600
2001;Primera;MADRE DE DIOS;PERÚ POSIBLE;41.07%;#006600
2001;Primera;MOQUEGUA;PERÚ POSIBLE;42.12%;#006600
2001;Primera;PASCO;PERÚ POSIBLE;34.69%;#006600
2001;Primera;PIURA;PERÚ POSIBLE;33.49%;#006600
2001;Primera;PUNO;PERÚ POSIBLE;50.23%;#006600
2001;Primera;SAN MARTIN;PERÚ POSIBLE;35.40%;#006600
2001;Primera;TACNA;PERÚ POSIBLE;39.74%;#006600
2001;Primera;TUMBES;PERÚ POSIBLE;30.57%;#006600
2001;Primera;CALLAO;PERÚ POSIBLE;31.52%;#006600
2001;Primera;UCAYALI;PERÚ POSIBLE;37.48%;#006600
2001;Primera;EXTRANJERO;UNIDAD NACIONAL;51.67%;#0047ab
2001;Segunda;AMAZONAS;PERÚ POSIBLE;51.69%;#006600
2001;Segunda;ANCASH;PERÚ POSIBLE;59.31%;#006600
2001;Segunda;APURIMAC;PERÚ POSIBLE;62.20%;#006600
2001;Segunda;AREQUIPA;PERÚ POSIBLE;66.86%;#006600
2001;Segunda;AYACUCHO;PERÚ POSIBLE;67.82%;#006600
2001;Segunda;CAJAMARCA;APRA;50.68%;#f80000
2001;Segunda;CUSCO;PERÚ POSIBLE;70.84%;#006600
2001;Segunda;HUANCAVELICA;PERÚ POSIBLE;69.52%;#006600
2001;Segunda;HUANUCO;PERÚ POSIBLE;60.95%;#006600
2001;Segunda;ICA;APRA;57.35%;#f80000
2001;Segunda;JUNIN;PERÚ POSIBLE;59.38%;#006600
2001;Segunda;LA LIBERTAD;APRA;71.78%;#f80000
2001;Segunda;LAMBAYEQUE;APRA;55.04%;#f80000
2001;Segunda;LIMA;PERÚ POSIBLE;52.19%;#006600
2001;Segunda;LORETO;PERÚ POSIBLE;69.83%;#006600
2001;Segunda;MADRE DE DIOS;PERÚ POSIBLE;54.02%;#006600
2001;Segunda;MOQUEGUA;PERÚ POSIBLE;53.62%;#006600
2001;Segunda;PASCO;PERÚ POSIBLE;55.51%;#006600
2001;Segunda;PIURA;APRA;56.30%;#f80000
2001;Segunda;PUNO;PERÚ POSIBLE;65.21%;#006600
2001;Segunda;SAN MARTIN;APRA;51.01%;#f80000
2001;Segunda;TACNA;PERÚ POSIBLE;50.06%;#006600
2001;Segunda;TUMBES;APRA;54.21%;#f80000
2001;Segunda;CALLAO;APRA;53.82%;#f80000
2001;Segunda;UCAYALI;PERÚ POSIBLE;52.67%;#006600
2001;Segunda;EXTRANJERO;PERÚ POSIBLE;64.78%;#006600
2006;Primera;AMAZONAS;UNION POR EL PERÚ;32.13%;#7a0101
2006;Primera;ANCASH;APRA;31.70%;#f80000
2006;Primera;APURIMAC;UNION POR EL PERÚ;57.39%;#7a0101
2006;Primera;AREQUIPA;UNION POR EL PERÚ;48.49%;#7a0101
2006;Primera;AYACUCHO;UNION POR EL PERÚ;62.67%;#7a0101
2006;Primera;CAJAMARCA;UNION POR EL PERÚ;28.41%;#7a0101
2006;Primera;CUSCO;UNION POR EL PERÚ;57.16%;#7a0101
2006;Primera;HUANCAVELICA;UNION POR EL PERÚ;59.41%;#7a0101
2006;Primera;HUANUCO;UNION POR EL PERÚ;44.55%;#7a0101
2006;Primera;ICA;APRA;34.88%;#f80000
2006;Primera;JUNIN;UNION POR EL PERÚ;41.01%;#7a0101
2006;Primera;LA LIBERTAD;APRA;53.52%;#f80000
2006;Primera;LAMBAYEQUE;APRA;37.14%;#f80000
2006;Primera;LIMA;UNIDAD NACIONAL;34.20%;#0047ab
2006;Primera;LORETO;UNION POR EL PERÚ;29.87%;#7a0101
2006;Primera;MADRE DE DIOS;UNION POR EL PERÚ;46.17%;#7a0101
2006;Primera;MOQUEGUA;UNION POR EL PERÚ;42.37%;#7a0101
2006;Primera;PASCO;UNION POR EL PERÚ;27.95%;#7a0101
2006;Primera;PIURA;APRA;32.22%;#f80000
2006;Primera;PUNO;UNION POR EL PERÚ;51.60%;#7a0101
2006;Primera;SAN MARTIN;UNION POR EL PERÚ;34.74%;#7a0101
2006;Primera;TACNA;UNION POR EL PERÚ;48.80%;#7a0101
2006;Primera;TUMBES;UNION POR EL PERÚ;23.68%;#7a0101
2006;Primera;CALLAO;APRA;30.85%;#f80000
2006;Primera;UCAYALI;UNION POR EL PERÚ;33.67%;#7a0101
2006;Primera;EXTRANJERO;UNIDAD NACIONAL;58.23%;#0047ab
2006;Segunda;AMAZONAS;UNION POR EL PERÚ;57.67%;#7a0101
2006;Segunda;ANCASH;APRA;52.58%;#f80000
2006;Segunda;APURIMAC;UNION POR EL PERÚ;73.89%;#7a0101
2006;Segunda;AREQUIPA;UNION POR EL PERÚ;64.56%;#7a0101
2006;Segunda;AYACUCHO;UNION POR EL PERÚ;83.43%;#7a0101
2006;Segunda;CAJAMARCA;UNION POR EL PERÚ;51.92%;#7a0101
2006;Segunda;CUSCO;UNION POR EL PERÚ;73.01%;#7a0101
2006;Segunda;HUANCAVELICA;UNION POR EL PERÚ;76.48%;#7a0101
2006;Segunda;HUANUCO;UNION POR EL PERÚ;63.95%;#7a0101
2006;Segunda;ICA;APRA;59.24%;#f80000
2006;Segunda;JUNIN;UNION POR EL PERÚ;62.81%;#7a0101
2006;Segunda;LA LIBERTAD;APRA;72.55%;#f80000
2006;Segunda;LAMBAYEQUE;APRA;61.21%;#f80000
2006;Segunda;LIMA;APRA;61.97%;#f80000
2006;Segunda;LORETO;UNION POR EL PERÚ;52.77%;#7a0101
2006;Segunda;MADRE DE DIOS;UNION POR EL PERÚ;59.32%;#7a0101
2006;Segunda;MOQUEGUA;UNION POR EL PERÚ;53.45%;#7a0101
2006;Segunda;PASCO;APRA;53.32%;#f80000
2006;Segunda;PIURA;APRA;55.55%;#f80000
2006;Segunda;PUNO;UNION POR EL PERÚ;69.60%;#7a0101
2006;Segunda;SAN MARTIN;UNION POR EL PERÚ;58.74%;#7a0101
2006;Segunda;TACNA;UNION POR EL PERÚ;60.81%;#7a0101
2006;Segunda;TUMBES;APRA;53.43%;#f80000
2006;Segunda;CALLAO;APRA;67.94%;#f80000
2006;Segunda;UCAYALI;APRA;50.44%;#f80000
2006;Segunda;EXTRANJERO;APRA;68.48%;#f80000
2011;Primera;AMAZONAS;GANA PERÚ;41.00%;#7a0101
2011;Primera;ANCASH;GANA PERÚ;30.92%;#7a0101
2011;Primera;APURIMAC;GANA PERÚ;51.51%;#7a0101
2011;Primera;AREQUIPA;GANA PERÚ;47.87%;#7a0101
2011;Primera;AYACUCHO;GANA PERÚ;58.04%;#7a0101
2011;Primera;CAJAMARCA;FUERZA 2011;34.05%;#ff8c00
2011;Primera;CUSCO;GANA PERÚ;62.60%;#7a0101
2011;Primera;HUANCAVELICA;GANA PERÚ;55.46%;#7a0101
2011;Primera;HUANUCO;GANA PERÚ;44.09%;#7a0101
2011;Primera;ICA;GANA PERÚ;30.99%;#7a0101
2011;Primera;JUNIN;GANA PERÚ;38.28%;#7a0101
2011;Primera;LA LIBERTAD;FUERZA 2011;28.54%;#ff8c00
2011;Primera;LAMBAYEQUE;FUERZA 2011;27.85%;#ff8c00
2011;Primera;LIMA;ALIANZA POR EL GRAN CAMBIO;26.89%;#e91e63
2011;Primera;LORETO;PERÚ POSIBLE;33.70%;#006600
2011;Primera;MADRE DE DIOS;GANA PERÚ;51.26%;#7a0101
2011;Primera;MOQUEGUA;GANA PERÚ;47.80%;#7a0101
2011;Primera;PASCO;FUERZA 2011;30.84%;#ff8c00
2011;Primera;PIURA;FUERZA 2011;32.03%;#ff8c00
2011;Primera;PUNO;GANA PERÚ;62.71%;#7a0101
2011;Primera;SAN MARTIN;GANA PERÚ;36.09%;#7a0101
2011;Primera;TACNA;GANA PERÚ;57.20%;#7a0101
2011;Primera;TUMBES;FUERZA 2011;35.52%;#ff8c00
2011;Primera;CALLAO;ALIANZA POR EL GRAN CAMBIO;28.61%;#e91e63
2011;Primera;UCAYALI;GANA PERÚ;39.15%;#7a0101
2011;Primera;EXTRANJERO;FUERZA 2011;28.63%;#ff8c00
2011;Segunda;AMAZONAS;GANA PERÚ;58.62%;#7a0101
2011;Segunda;ANCASH;GANA PERÚ;58.32%;#7a0101
2011;Segunda;APURIMAC;GANA PERÚ;68.40%;#7a0101
2011;Segunda;AREQUIPA;GANA PERÚ;65.91%;#7a0101
2011;Segunda;AYACUCHO;GANA PERÚ;72.10%;#7a0101
2011;Segunda;CAJAMARCA;GANA PERÚ;51.16%;#7a0101
2011;Segunda;CUSCO;GANA PERÚ;77.10%;#7a0101
2011;Segunda;HUANCAVELICA;GANA PERÚ;72.23%;#7a0101
2011;Segunda;HUANUCO;GANA PERÚ;63.46%;#7a0101
2011;Segunda;ICA;GANA PERÚ;50.09%;#7a0101
2011;Segunda;JUNIN;GANA PERÚ;54.66%;#7a0101
2011;Segunda;LA LIBERTAD;FUERZA 2011;56.66%;#ff8c00
2011;Segunda;LAMBAYEQUE;FUERZA 2011;52.01%;#ff8c00
2011;Segunda;LIMA;FUERZA 2011;57.54%;#ff8c00
2011;Segunda;LORETO;GANA PERÚ;56.53%;#7a0101
2011;Segunda;MADRE DE DIOS;GANA PERÚ;66.26%;#7a0101
2011;Segunda;MOQUEGUA;GANA PERÚ;66.75%;#7a0101
2011;Segunda;PASCO;GANA PERÚ;51.02%;#7a0101
2011;Segunda;PIURA;FUERZA 2011;52.34%;#ff8c00
2011;Segunda;PUNO;GANA PERÚ;77.90%;#7a0101
2011;Segunda;SAN MARTIN;GANA PERÚ;52.13%;#7a0101
2011;Segunda;TACNA;GANA PERÚ;73.46%;#7a0101
2011;Segunda;TUMBES;FUERZA 2011;54.23%;#ff8c00
2011;Segunda;CALLAO;FUERZA 2011;56.98%;#ff8c00
2011;Segunda;UCAYALI;GANA PERÚ;54.25%;#7a0101
2011;Segunda;EXTRANJERO;FUERZA 2011;70.38%;#ff8c00
2016;Primera;AMAZONAS;FUERZA POPULAR;42.90%;#ff8c00
2016;Primera;ANCASH;FUERZA POPULAR;42.27%;#ff8c00
2016;Primera;APURIMAC;FRENTE AMPLIO;49.90%;#4caf50
2016;Primera;AREQUIPA;PERUANOS POR EL KAMBIO;27.15%;#e91e63
2016;Primera;AYACUCHO;FRENTE AMPLIO;52.40%;#4caf50
2016;Primera;CAJAMARCA;DEMOCRACIA DIRECTA;40.49%;#7a0101
2016;Primera;CUSCO;FRENTE AMPLIO;46.31%;#4caf50
2016;Primera;HUANCAVELICA;FRENTE AMPLIO;52.69%;#4caf50
2016;Primera;HUANUCO;FUERZA POPULAR;38.53%;#ff8c00
2016;Primera;ICA;FUERZA POPULAR;44.51%;#ff8c00
2016;Primera;JUNIN;FUERZA POPULAR;43.05%;#ff8c00
2016;Primera;LA LIBERTAD;FUERZA POPULAR;49.17%;#ff8c00
2016;Primera;LAMBAYEQUE;FUERZA POPULAR;50.27%;#ff8c00
2016;Primera;LIMA;FUERZA POPULAR;40.35%;#ff8c00
2016;Primera;LORETO;FUERZA POPULAR;40.74%;#ff8c00
2016;Primera;MADRE DE DIOS;FUERZA POPULAR;43.87%;#ff8c00
2016;Primera;MOQUEGUA;FRENTE AMPLIO;31.26%;#4caf50
2016;Primera;PASCO;FUERZA POPULAR;43.06%;#ff8c00
2016;Primera;PIURA;FUERZA POPULAR;54.65%;#ff8c00
2016;Primera;PUNO;FRENTE AMPLIO;38.33%;#4caf50
2016;Primera;SAN MARTIN;FUERZA POPULAR;48.11%;#ff8c00
2016;Primera;TACNA;FRENTE AMPLIO;40.97%;#4caf50
2016;Primera;TUMBES;FUERZA POPULAR;64.25%;#ff8c00
2016;Primera;CALLAO;FUERZA POPULAR;40.22%;#ff8c00
2016;Primera;UCAYALI;FUERZA POPULAR;52.22%;#ff8c00
2016;Primera;EXTRANJERO;FUERZA POPULAR;42.19%;#ff8c00
2016;Segunda;AMAZONAS;FUERZA POPULAR;52.48%;#ff8c00
2016;Segunda;ANCASH;FUERZA POPULAR;51.14%;#ff8c00
2016;Segunda;APURIMAC;PERUANOS POR EL KAMBIO;52.06%;#e91e63
2016;Segunda;AREQUIPA;PERUANOS POR EL KAMBIO;67.58%;#e91e63
2016;Segunda;AYACUCHO;FUERZA POPULAR;51.59%;#ff8c00
2016;Segunda;CAJAMARCA;PERUANOS POR EL KAMBIO;50.08%;#e91e63
2016;Segunda;CUSCO;PERUANOS POR EL KAMBIO;64.99%;#e91e63
2016;Segunda;HUANCAVELICA;PERUANOS POR EL KAMBIO;56.79%;#e91e63
2016;Segunda;HUANUCO;FUERZA POPULAR;50.99%;#ff8c00
2016;Segunda;ICA;FUERZA POPULAR;52.78%;#ff8c00
2016;Segunda;JUNIN;FUERZA POPULAR;51.18%;#ff8c00
2016;Segunda;LA LIBERTAD;FUERZA POPULAR;61.09%;#ff8c00
2016;Segunda;LAMBAYEQUE;FUERZA POPULAR;58.85%;#ff8c00
2016;Segunda;LIMA;PERUANOS POR EL KAMBIO;50.12%;#e91e63
2016;Segunda;LORETO;PERUANOS POR EL KAMBIO;53.85%;#e91e63
2016;Segunda;MADRE DE DIOS;FUERZA POPULAR;63.73%;#ff8c00
2016;Segunda;MOQUEGUA;PERUANOS POR EL KAMBIO;67.94%;#e91e63
2016;Segunda;PASCO;PERUANOS POR EL KAMBIO;50.00%;#e91e63
2016;Segunda;PIURA;FUERZA POPULAR;61.03%;#ff8c00
2016;Segunda;PUNO;PERUANOS POR EL KAMBIO;63.13%;#e91e63
2016;Segunda;SAN MARTIN;FUERZA POPULAR;55.79%;#ff8c00
2016;Segunda;TACNA;PERUANOS POR EL KAMBIO;68.76%;#e91e63
2016;Segunda;TUMBES;FUERZA POPULAR;70.58%;#ff8c00
2016;Segunda;CALLAO;FUERZA POPULAR;50.05%;#ff8c00
2016;Segunda;UCAYALI;FUERZA POPULAR;60.32%;#ff8c00
2016;Segunda;EXTRANJERO;PERUANOS POR EL KAMBIO;50.94%;#e91e63
2021;Primera;AMAZONAS;PERÚ LIBRE;26.07%;#7a0101
2021;Primera;ANCASH;PERÚ LIBRE;23.45%;#7a0101
2021;Primera;APURIMAC;PERÚ LIBRE;53.44%;#7a0101
2021;Primera;AREQUIPA;PERÚ LIBRE;32.20%;#7a0101
2021;Primera;AYACUCHO;PERÚ LIBRE;51.98%;#7a0101
2021;Primera;CAJAMARCA;PERÚ LIBRE;44.91%;#7a0101
2021;Primera;CUSCO;PERÚ LIBRE;38.19%;#7a0101
2021;Primera;HUANCAVELICA;PERÚ LIBRE;54.21%;#7a0101
2021;Primera;HUANUCO;PERÚ LIBRE;37.59%;#7a0101
2021;Primera;ICA;FUERZA POPULAR;15.30%;#ff8c00
2021;Primera;JUNIN;PERÚ LIBRE;22.89%;#7a0101
2021;Primera;LA LIBERTAD;ALIANZA PARA EL PROGRESO;21.25%;#2962FF
2021;Primera;LAMBAYEQUE;FUERZA POPULAR;21.40%;#ff8c00
2021;Primera;LIMA;AVANZA PAÍS;16.40%;#0047ab
2021;Primera;LORETO;FUERZA POPULAR;16.66%;#ff8c00
2021;Primera;MADRE DE DIOS;PERÚ LIBRE;37.08%;#7a0101
2021;Primera;MOQUEGUA;PERÚ LIBRE;34.38%;#7a0101
2021;Primera;PASCO;PERÚ LIBRE;34.19%;#7a0101
2021;Primera;PIURA;FUERZA POPULAR;24.81%;#ff8c00
2021;Primera;PUNO;PERÚ LIBRE;47.47%;#7a0101
2021;Primera;SAN MARTIN;PERÚ LIBRE;21.37%;#7a0101
2021;Primera;TACNA;PERÚ LIBRE;33.21%;#7a0101
2021;Primera;TUMBES;FUERZA POPULAR;37.05%;#ff8c00
2021;Primera;CALLAO;FUERZA POPULAR;15.17%;#ff8c00
2021;Primera;UCAYALI;FUERZA POPULAR;21.51%;#ff8c00
2021;Primera;EXTRANJERO;RENOVACIÓN POPULAR;21.48%;#00bfff
2021;Segunda;AMAZONAS;PERÚ LIBRE;66.71%;#7a0101
2021;Segunda;ANCASH;PERÚ LIBRE;58.39%;#7a0101
2021;Segunda;APURIMAC;PERÚ LIBRE;81.47%;#7a0101
2021;Segunda;AREQUIPA;PERÚ LIBRE;64.84%;#7a0101
2021;Segunda;AYACUCHO;PERÚ LIBRE;82.64%;#7a0101
2021;Segunda;CAJAMARCA;PERÚ LIBRE;71.28%;#7a0101
2021;Segunda;CUSCO;PERÚ LIBRE;83.20%;#7a0101
2021;Segunda;HUANCAVELICA;PERÚ LIBRE;84.81%;#7a0101
2021;Segunda;HUANUCO;PERÚ LIBRE;67.71%;#7a0101
2021;Segunda;ICA;FUERZA POPULAR;52.48%;#ff8c00
2021;Segunda;JUNIN;PERÚ LIBRE;58.15%;#7a0101
2021;Segunda;LA LIBERTAD;FUERZA POPULAR;60.00%;#ff8c00
2021;Segunda;LAMBAYEQUE;FUERZA POPULAR;58.18%;#ff8c00
2021;Segunda;LIMA;FUERZA POPULAR;64.64%;#ff8c00
2021;Segunda;LORETO;FUERZA POPULAR;51.80%;#ff8c00
2021;Segunda;MADRE DE DIOS;PERÚ LIBRE;71.06%;#7a0101
2021;Segunda;MOQUEGUA;PERÚ LIBRE;73.13%;#7a0101
2021;Segunda;PASCO;PERÚ LIBRE;65.35%;#7a0101
2021;Segunda;PIURA;FUERZA POPULAR;60.05%;#ff8c00
2021;Segunda;PUNO;PERÚ LIBRE;89.26%;#7a0101
2021;Segunda;SAN MARTIN;PERÚ LIBRE;56.12%;#7a0101
2021;Segunda;TACNA;PERÚ LIBRE;72.57%;#7a0101
2021;Segunda;TUMBES;FUERZA POPULAR;65.88%;#ff8c00
2021;Segunda;CALLAO;FUERZA POPULAR;67.42%;#ff8c00
2021;Segunda;UCAYALI;FUERZA POPULAR;51.82%;#ff8c00
2021;Segunda;RESIDENTES EN EL EXTRANJERO;FUERZA POPULAR;66.19%;#ff8c00
